-- --------------------------------------------------------
-- Host:                         127.0.0.1
-- Server version:               11.3.2-MariaDB - mariadb.org binary distribution
-- Server OS:                    Win64
-- HeidiSQL Version:             12.6.0.6765
-- --------------------------------------------------------

/*!40101 SET @OLD_CHARACTER_SET_CLIENT=@@CHARACTER_SET_CLIENT */;
/*!40101 SET NAMES utf8 */;
/*!50503 SET NAMES utf8mb4 */;
/*!40103 SET @OLD_TIME_ZONE=@@TIME_ZONE */;
/*!40103 SET TIME_ZONE='+00:00' */;
/*!40014 SET @OLD_FOREIGN_KEY_CHECKS=@@FOREIGN_KEY_CHECKS, FOREIGN_KEY_CHECKS=0 */;
/*!40101 SET @OLD_SQL_MODE=@@SQL_MODE, SQL_MODE='NO_AUTO_VALUE_ON_ZERO' */;
/*!40111 SET @OLD_SQL_NOTES=@@SQL_NOTES, SQL_NOTES=0 */;


-- Dumping database structure for pao_api
CREATE DATABASE IF NOT EXISTS `pao_api` /*!40100 DEFAULT CHARACTER SET latin1 COLLATE latin1_swedish_ci */;
USE `pao_api`;

-- Dumping structure for table pao_api.calificaciones
CREATE TABLE IF NOT EXISTS `calificaciones` (
  `id` bigint(20) unsigned NOT NULL AUTO_INCREMENT,
  `estudiante_id` bigint(20) unsigned DEFAULT NULL,
  `horario_id` bigint(20) unsigned DEFAULT NULL,
  `nota` varchar(255) NOT NULL,
  `observaciones` varchar(255) NOT NULL,
  PRIMARY KEY (`id`),
  KEY `calificaciones_estudiante_id_foreign` (`estudiante_id`),
  KEY `calificaciones_horario_id_foreign` (`horario_id`),
  CONSTRAINT `calificaciones_estudiante_id_foreign` FOREIGN KEY (`estudiante_id`) REFERENCES `usuarios` (`id`),
  CONSTRAINT `calificaciones_horario_id_foreign` FOREIGN KEY (`horario_id`) REFERENCES `horarios` (`id`)
) ENGINE=InnoDB AUTO_INCREMENT=51 DEFAULT CHARSET=utf8mb4 COLLATE=utf8mb4_unicode_ci;

-- Dumping data for table pao_api.calificaciones: ~50 rows (approximately)
DELETE FROM `calificaciones`;
INSERT INTO `calificaciones` (`id`, `estudiante_id`, `horario_id`, `nota`, `observaciones`) VALUES
	(1, 2, 1, '71', 'provident'),
	(2, 4, 2, '94', 'inventore'),
	(3, 6, 3, '94', 'earum'),
	(4, 8, 4, '68', 'ut'),
	(5, 10, 5, '97', 'id'),
	(6, 12, 6, '78', 'dolor'),
	(7, 14, 7, '88', 'inventore'),
	(8, 16, 8, '64', 'ut'),
	(9, 18, 9, '76', 'maxime'),
	(10, 20, 10, '68', 'ipsum'),
	(11, 22, 11, '71', 'quis'),
	(12, 24, 12, '72', 'et'),
	(13, 26, 13, '74', 'nemo'),
	(14, 28, 14, '82', 'aut'),
	(15, 30, 15, '82', 'eaque'),
	(16, 32, 16, '67', 'deleniti'),
	(17, 34, 17, '76', 'iste'),
	(18, 36, 18, '99', 'dolorum'),
	(19, 38, 19, '62', 'quidem'),
	(20, 40, 20, '65', 'nam'),
	(21, 42, 21, '61', 'nam'),
	(22, 44, 22, '71', 'asperiores'),
	(23, 46, 23, '87', 'ad'),
	(24, 48, 24, '72', 'et'),
	(25, 50, 25, '99', 'illo'),
	(26, 52, 26, '70', 'ut'),
	(27, 54, 27, '74', 'dolore'),
	(28, 56, 28, '65', 'natus'),
	(29, 58, 29, '64', 'aut'),
	(30, 60, 30, '80', 'repudiandae'),
	(31, 62, 31, '86', 'doloremque'),
	(32, 64, 32, '68', 'ut'),
	(33, 66, 33, '97', 'cumque'),
	(34, 68, 34, '94', 'ut'),
	(35, 70, 35, '74', 'ipsa'),
	(36, 72, 36, '74', 'laborum'),
	(37, 74, 37, '83', 'at'),
	(38, 76, 38, '78', 'nihil'),
	(39, 78, 39, '90', 'rerum'),
	(40, 80, 40, '71', 'dolor'),
	(41, 82, 41, '66', 'qui'),
	(42, 84, 42, '85', 'animi'),
	(43, 86, 43, '68', 'id'),
	(44, 88, 44, '69', 'similique'),
	(45, 90, 45, '71', 'est'),
	(46, 92, 46, '75', 'illum'),
	(47, 94, 47, '97', 'tempore'),
	(48, 96, 48, '100', 'iure'),
	(49, 98, 49, '81', 'incidunt'),
	(50, 100, 50, '100', 'ratione');

-- Dumping structure for table pao_api.cursos
CREATE TABLE IF NOT EXISTS `cursos` (
  `id` bigint(20) unsigned NOT NULL AUTO_INCREMENT,
  `nombre` varchar(255) NOT NULL,
  `descripcion` varchar(255) NOT NULL,
  PRIMARY KEY (`id`)
) ENGINE=InnoDB AUTO_INCREMENT=51 DEFAULT CHARSET=utf8mb4 COLLATE=utf8mb4_unicode_ci;

-- Dumping data for table pao_api.cursos: ~50 rows (approximately)
DELETE FROM `cursos`;
INSERT INTO `cursos` (`id`, `nombre`, `descripcion`) VALUES
	(1, 'nobis', 'doloribus'),
	(2, 'quis', 'et'),
	(3, 'id', 'eaque'),
	(4, 'architecto', 'et'),
	(5, 'corrupti', 'sed'),
	(6, 'corporis', 'occaecati'),
	(7, 'sequi', 'consectetur'),
	(8, 'animi', 'repellendus'),
	(9, 'distinctio', 'et'),
	(10, 'aut', 'vel'),
	(11, 'sit', 'animi'),
	(12, 'labore', 'officia'),
	(13, 'voluptate', 'veniam'),
	(14, 'deleniti', 'natus'),
	(15, 'ut', 'et'),
	(16, 'magnam', 'praesentium'),
	(17, 'nostrum', 'eum'),
	(18, 'ut', 'itaque'),
	(19, 'quia', 'iusto'),
	(20, 'adipisci', 'error'),
	(21, 'nihil', 'iusto'),
	(22, 'ut', 'sunt'),
	(23, 'aut', 'rerum'),
	(24, 'aut', 'veniam'),
	(25, 'est', 'sunt'),
	(26, 'blanditiis', 'dignissimos'),
	(27, 'voluptatum', 'dolores'),
	(28, 'aliquam', 'in'),
	(29, 'labore', 'necessitatibus'),
	(30, 'maiores', 'rem'),
	(31, 'culpa', 'dolore'),
	(32, 'rerum', 'veritatis'),
	(33, 'sunt', 'ipsum'),
	(34, 'harum', 'voluptas'),
	(35, 'quod', 'ea'),
	(36, 'dolore', 'nostrum'),
	(37, 'possimus', 'quo'),
	(38, 'rerum', 'nesciunt'),
	(39, 'ipsa', 'ut'),
	(40, 'nemo', 'commodi'),
	(41, 'nihil', 'saepe'),
	(42, 'id', 'corporis'),
	(43, 'sed', 'ut'),
	(44, 'illum', 'dolorum'),
	(45, 'dolor', 'et'),
	(46, 'doloremque', 'voluptatem'),
	(47, 'et', 'et'),
	(48, 'aut', 'quia'),
	(49, 'corporis', 'odio'),
	(50, 'sunt', 'voluptatem');

-- Dumping structure for table pao_api.horarios
CREATE TABLE IF NOT EXISTS `horarios` (
  `id` bigint(20) unsigned NOT NULL AUTO_INCREMENT,
  `profesor_id` bigint(20) unsigned DEFAULT NULL,
  `curso_id` bigint(20) unsigned DEFAULT NULL,
  `materia_id` bigint(20) unsigned DEFAULT NULL,
  `fecha_inicio` date NOT NULL,
  PRIMARY KEY (`id`),
  KEY `horarios_profesor_id_foreign` (`profesor_id`),
  KEY `horarios_curso_id_foreign` (`curso_id`),
  KEY `horarios_materia_id_foreign` (`materia_id`),
  CONSTRAINT `horarios_curso_id_foreign` FOREIGN KEY (`curso_id`) REFERENCES `cursos` (`id`),
  CONSTRAINT `horarios_materia_id_foreign` FOREIGN KEY (`materia_id`) REFERENCES `materias` (`id`),
  CONSTRAINT `horarios_profesor_id_foreign` FOREIGN KEY (`profesor_id`) REFERENCES `usuarios` (`id`)
) ENGINE=InnoDB AUTO_INCREMENT=51 DEFAULT CHARSET=utf8mb4 COLLATE=utf8mb4_unicode_ci;

-- Dumping data for table pao_api.horarios: ~50 rows (approximately)
DELETE FROM `horarios`;
INSERT INTO `horarios` (`id`, `profesor_id`, `curso_id`, `materia_id`, `fecha_inicio`) VALUES
	(1, 3, 1, 1, '2007-01-15'),
	(2, 5, 2, 2, '2003-11-24'),
	(3, 7, 3, 3, '1995-01-21'),
	(4, 9, 4, 4, '1988-10-11'),
	(5, 11, 5, 5, '2005-05-17'),
	(6, 13, 6, 6, '2000-07-09'),
	(7, 15, 7, 7, '1997-02-07'),
	(8, 17, 8, 8, '1983-03-26'),
	(9, 19, 9, 9, '2003-09-07'),
	(10, 21, 10, 10, '2000-04-04'),
	(11, 23, 11, 11, '2005-09-07'),
	(12, 25, 12, 12, '1984-11-24'),
	(13, 27, 13, 13, '1988-01-10'),
	(14, 29, 14, 14, '2022-10-02'),
	(15, 31, 15, 15, '1972-07-15'),
	(16, 33, 16, 16, '1995-05-27'),
	(17, 35, 17, 17, '1990-07-01'),
	(18, 37, 18, 18, '1976-10-01'),
	(19, 39, 19, 19, '2001-11-05'),
	(20, 41, 20, 20, '1973-08-06'),
	(21, 43, 21, 21, '1976-11-25'),
	(22, 45, 22, 22, '1998-08-23'),
	(23, 47, 23, 23, '1996-07-27'),
	(24, 49, 24, 24, '2007-05-02'),
	(25, 51, 25, 25, '2010-12-31'),
	(26, 53, 26, 26, '2002-07-02'),
	(27, 55, 27, 27, '2009-05-11'),
	(28, 57, 28, 28, '1987-06-13'),
	(29, 59, 29, 29, '2007-07-22'),
	(30, 61, 30, 30, '2004-05-04'),
	(31, 63, 31, 31, '2004-02-14'),
	(32, 65, 32, 32, '1996-01-31'),
	(33, 67, 33, 33, '2012-02-05'),
	(34, 69, 34, 34, '1995-03-26'),
	(35, 71, 35, 35, '1994-12-17'),
	(36, 73, 36, 36, '2017-09-08'),
	(37, 75, 37, 37, '1995-02-21'),
	(38, 77, 38, 38, '2007-12-25'),
	(39, 79, 39, 39, '1970-12-15'),
	(40, 81, 40, 40, '2015-09-06'),
	(41, 83, 41, 41, '2008-10-10'),
	(42, 85, 42, 42, '1973-06-30'),
	(43, 87, 43, 43, '1996-06-30'),
	(44, 89, 44, 44, '2019-09-30'),
	(45, 91, 45, 45, '2013-09-05'),
	(46, 93, 46, 46, '1995-12-24'),
	(47, 95, 47, 47, '1998-06-08'),
	(48, 97, 48, 48, '1980-08-26'),
	(49, 99, 49, 49, '1971-05-09'),
	(50, 101, 50, 50, '2013-01-28');

-- Dumping structure for table pao_api.materias
CREATE TABLE IF NOT EXISTS `materias` (
  `id` bigint(20) unsigned NOT NULL AUTO_INCREMENT,
  `nombre` varchar(255) NOT NULL,
  PRIMARY KEY (`id`)
) ENGINE=InnoDB AUTO_INCREMENT=51 DEFAULT CHARSET=utf8mb4 COLLATE=utf8mb4_unicode_ci;

-- Dumping data for table pao_api.materias: ~50 rows (approximately)
DELETE FROM `materias`;
INSERT INTO `materias` (`id`, `nombre`) VALUES
	(1, 'laudantium'),
	(2, 'illo'),
	(3, 'qui'),
	(4, 'unde'),
	(5, 'inventore'),
	(6, 'excepturi'),
	(7, 'harum'),
	(8, 'quasi'),
	(9, 'neque'),
	(10, 'corrupti'),
	(11, 'tempora'),
	(12, 'vel'),
	(13, 'sed'),
	(14, 'dolores'),
	(15, 'beatae'),
	(16, 'nulla'),
	(17, 'quia'),
	(18, 'corporis'),
	(19, 'veniam'),
	(20, 'veritatis'),
	(21, 'omnis'),
	(22, 'eveniet'),
	(23, 'quis'),
	(24, 'voluptatem'),
	(25, 'enim'),
	(26, 'in'),
	(27, 'facilis'),
	(28, 'quos'),
	(29, 'aut'),
	(30, 'eum'),
	(31, 'facere'),
	(32, 'sit'),
	(33, 'ullam'),
	(34, 'aut'),
	(35, 'corporis'),
	(36, 'suscipit'),
	(37, 'eligendi'),
	(38, 'eligendi'),
	(39, 'ad'),
	(40, 'debitis'),
	(41, 'eligendi'),
	(42, 'totam'),
	(43, 'aut'),
	(44, 'repellat'),
	(45, 'voluptatem'),
	(46, 'ab'),
	(47, 'et'),
	(48, 'accusamus'),
	(49, 'dicta'),
	(50, 'sint');

-- Dumping structure for table pao_api.usuarios
CREATE TABLE IF NOT EXISTS `usuarios` (
  `id` bigint(20) unsigned NOT NULL AUTO_INCREMENT,
  `nombres` varchar(255) NOT NULL,
  `apellidos` varchar(255) NOT NULL,
  `celular` varchar(255) NOT NULL,
  `direccion` varchar(255) NOT NULL,
  `especialidad` varchar(255) DEFAULT NULL,
  `email` varchar(255) NOT NULL,
  `password` varchar(255) NOT NULL,
  `tipo` int(11) NOT NULL DEFAULT 1 COMMENT '1: Admin / RA, 2: Profesor, 3: Estudiante',
  PRIMARY KEY (`id`),
  UNIQUE KEY `usuarios_email_unique` (`email`)
) ENGINE=InnoDB AUTO_INCREMENT=102 DEFAULT CHARSET=utf8mb4 COLLATE=utf8mb4_unicode_ci;

-- Dumping data for table pao_api.usuarios: ~101 rows (approximately)
DELETE FROM `usuarios`;
INSERT INTO `usuarios` (`id`, `nombres`, `apellidos`, `celular`, `direccion`, `especialidad`, `email`, `password`, `tipo`) VALUES
	(1, 'ADMIN', 'REGISTRO ACADEMICO', '+1.231.960.4045', '264 Hamill Roads Apt. 095\nChadrickmouth, MD 08428', 'Officia enim consequatur non sed necessitatibus accusamus.', 'admin@admin.com', '$2y$12$1a3SXfYjmUUKb5zjyKH8wuAMSQuvQ3F2wCsHNmTMwwdpYkSe2QlAe', 1),
	(2, 'Elliott Jacobs', 'Lang', '360-271-3120', '83569 Marco Common Suite 146\nNew Keyshawnchester, TX 17607', NULL, 'margie.watsica@example.com', '$2y$12$1a3SXfYjmUUKb5zjyKH8wuAMSQuvQ3F2wCsHNmTMwwdpYkSe2QlAe', 3),
	(3, 'Maximilian Nitzsche', 'Pagac', '+1.856.417.7431', '441 Adolphus Road Apt. 923\nPort Hudson, CO 81403-0361', NULL, 'rosemarie.sanford@example.com', '$2y$12$1a3SXfYjmUUKb5zjyKH8wuAMSQuvQ3F2wCsHNmTMwwdpYkSe2QlAe', 2),
	(4, 'Velva Armstrong V', 'Pagac', '878.358.8866', '57759 Aryanna Causeway\nRatkestad, NY 10684-9934', 'Ad velit dolore sint doloremque architecto ullam.', 'francesca36@example.net', '$2y$12$1a3SXfYjmUUKb5zjyKH8wuAMSQuvQ3F2wCsHNmTMwwdpYkSe2QlAe', 3),
	(5, 'Ms. Laisha Cassin IV', 'Heidenreich', '678-226-3460', '44412 Beier Drive Suite 993\nFeeneyland, DC 83519', NULL, 'crist.nicole@example.net', '$2y$12$1a3SXfYjmUUKb5zjyKH8wuAMSQuvQ3F2wCsHNmTMwwdpYkSe2QlAe', 2),
	(6, 'Blaise Parker', 'Crooks', '+17316631213', '47074 Delta Station Suite 735\nNorth Clovisburgh, OR 92406-0706', NULL, 'laurine64@example.net', '$2y$12$1a3SXfYjmUUKb5zjyKH8wuAMSQuvQ3F2wCsHNmTMwwdpYkSe2QlAe', 3),
	(7, 'Mr. Raymond Schimmel', 'Kuhic', '1-831-256-8236', '263 Dedrick Ferry\nWest Jeramy, MI 14709-5561', NULL, 'maybelle48@example.net', '$2y$12$1a3SXfYjmUUKb5zjyKH8wuAMSQuvQ3F2wCsHNmTMwwdpYkSe2QlAe', 2),
	(8, 'Verna Nitzsche', 'Spinka', '(754) 738-0937', '11126 Jacobson Field Apt. 907\nLake Melany, NY 61054', 'Deserunt est consequuntur velit necessitatibus voluptatem esse.', 'pfannerstill.america@example.org', '$2y$12$1a3SXfYjmUUKb5zjyKH8wuAMSQuvQ3F2wCsHNmTMwwdpYkSe2QlAe', 3),
	(9, 'Prof. Marc Ziemann V', 'Boehm', '1-269-863-4022', '527 Wisozk Throughway Apt. 631\nEast Manuelfurt, AL 25069-9503', NULL, 'marquardt.simeon@example.org', '$2y$12$1a3SXfYjmUUKb5zjyKH8wuAMSQuvQ3F2wCsHNmTMwwdpYkSe2QlAe', 2),
	(10, 'Lyda Larkin I', 'Batz', '458-719-6631', '476 Roselyn Inlet\nPort Eldred, AL 37534-3502', 'Quasi perferendis excepturi ut iste ea sit.', 'brooks.hermann@example.com', '$2y$12$1a3SXfYjmUUKb5zjyKH8wuAMSQuvQ3F2wCsHNmTMwwdpYkSe2QlAe', 3),
	(11, 'Dr. Soledad Gaylord DDS', 'Huel', '231.582.1969', '8408 Bogisich Villages\nPort Abbigail, NV 63925-5746', 'Minus est illum et et magnam sed quia.', 'yolson@example.net', '$2y$12$1a3SXfYjmUUKb5zjyKH8wuAMSQuvQ3F2wCsHNmTMwwdpYkSe2QlAe', 2),
	(12, 'Meda Frami', 'Kirlin', '970.314.2125', '117 Anderson Extension Apt. 777\nLake Bufordside, MO 86871-2201', 'Hic dolores magnam numquam ut quos qui at.', 'block.jorge@example.com', '$2y$12$1a3SXfYjmUUKb5zjyKH8wuAMSQuvQ3F2wCsHNmTMwwdpYkSe2QlAe', 3),
	(13, 'Prof. Eric Windler', 'Boyle', '+1-689-224-2262', '89388 Brycen Burgs Suite 247\nNorth Jadaside, VA 01605-8430', NULL, 'americo83@example.com', '$2y$12$1a3SXfYjmUUKb5zjyKH8wuAMSQuvQ3F2wCsHNmTMwwdpYkSe2QlAe', 2),
	(14, 'Ruth Friesen', 'Bernhard', '+18107386052', '56728 Russell Lights Apt. 364\nDixieborough, NM 80588', 'Voluptas cumque autem nesciunt magnam.', 'golda07@example.com', '$2y$12$1a3SXfYjmUUKb5zjyKH8wuAMSQuvQ3F2wCsHNmTMwwdpYkSe2QlAe', 3),
	(15, 'Leslie Stiedemann Sr.', 'O\'Reilly', '(857) 337-8390', '25712 Bechtelar Radial\nWest Markusstad, AZ 28710', 'Excepturi dolor architecto aut deleniti repellendus reiciendis.', 'syble24@example.com', '$2y$12$1a3SXfYjmUUKb5zjyKH8wuAMSQuvQ3F2wCsHNmTMwwdpYkSe2QlAe', 2),
	(16, 'Estevan Green', 'Reilly', '1-507-392-6480', '25374 Roberts Stravenue Apt. 200\nNew Rosemarybury, NH 82856', NULL, 'parker.josefina@example.net', '$2y$12$1a3SXfYjmUUKb5zjyKH8wuAMSQuvQ3F2wCsHNmTMwwdpYkSe2QlAe', 3),
	(17, 'Stone Dibbert', 'Kuhic', '812-483-4575', '5635 Bernier Plaza Apt. 789\nBethelchester, OH 18616', 'Repudiandae ut at corporis vel ratione fugit similique voluptas.', 'cordia.ritchie@example.com', '$2y$12$1a3SXfYjmUUKb5zjyKH8wuAMSQuvQ3F2wCsHNmTMwwdpYkSe2QlAe', 2),
	(18, 'Linnie Schuppe', 'Murphy', '+1.260.837.9849', '78376 Mohamed Burg Apt. 861\nPort Eulaside, NM 59679', 'Maxime dolores similique ipsa atque molestias aliquam dolores.', 'aryanna97@example.org', '$2y$12$1a3SXfYjmUUKb5zjyKH8wuAMSQuvQ3F2wCsHNmTMwwdpYkSe2QlAe', 3),
	(19, 'Sallie Treutel', 'Lebsack', '828-491-0302', '645 Hirthe Spring Apt. 317\nLake Robertaport, VA 15999', 'Tempora rerum nemo odit sed quis quia nulla blanditiis.', 'littel.hosea@example.net', '$2y$12$1a3SXfYjmUUKb5zjyKH8wuAMSQuvQ3F2wCsHNmTMwwdpYkSe2QlAe', 2),
	(20, 'Theron Kirlin I', 'Kris', '320-619-9328', '580 Jesus Coves\nFeeneyside, MD 50632', 'Fugiat quia quia rerum enim.', 'roger83@example.net', '$2y$12$1a3SXfYjmUUKb5zjyKH8wuAMSQuvQ3F2wCsHNmTMwwdpYkSe2QlAe', 3),
	(21, 'Prof. Alanna Spencer', 'Baumbach', '(731) 960-9624', '23345 Elroy Vista Apt. 830\nSouth Birdiemouth, NY 27757-0486', 'Voluptatem eligendi voluptatem non quod cumque.', 'weston29@example.com', '$2y$12$1a3SXfYjmUUKb5zjyKH8wuAMSQuvQ3F2wCsHNmTMwwdpYkSe2QlAe', 2),
	(22, 'Eric Gorczany DDS', 'Klein', '(708) 339-3923', '670 Fleta Squares\nPort Andrewfort, NY 45856-6605', NULL, 'misty34@example.org', '$2y$12$1a3SXfYjmUUKb5zjyKH8wuAMSQuvQ3F2wCsHNmTMwwdpYkSe2QlAe', 3),
	(23, 'Bobby Crooks', 'Kilback', '+1-754-724-5950', '39758 Blick Track Suite 466\nWest Alexandrinebury, KY 14206', NULL, 'vonrueden.jeff@example.net', '$2y$12$1a3SXfYjmUUKb5zjyKH8wuAMSQuvQ3F2wCsHNmTMwwdpYkSe2QlAe', 2),
	(24, 'Talia Nienow', 'Littel', '680-600-3450', '92204 Emely Stravenue Suite 296\nKovacektown, LA 00242-2812', NULL, 'hortense.okon@example.org', '$2y$12$1a3SXfYjmUUKb5zjyKH8wuAMSQuvQ3F2wCsHNmTMwwdpYkSe2QlAe', 3),
	(25, 'Kory Ryan', 'Larson', '786-779-9992', '402 Maximilian Knolls Suite 708\nEmmyhaven, MD 82482', NULL, 'jevon.kub@example.com', '$2y$12$1a3SXfYjmUUKb5zjyKH8wuAMSQuvQ3F2wCsHNmTMwwdpYkSe2QlAe', 2),
	(26, 'Curt Mayer PhD', 'Daniel', '+1 (469) 310-6993', '93792 Meaghan Knoll\nNorth Cielostad, KY 59595', NULL, 'ebraun@example.net', '$2y$12$1a3SXfYjmUUKb5zjyKH8wuAMSQuvQ3F2wCsHNmTMwwdpYkSe2QlAe', 3),
	(27, 'Kathryne Lowe', 'Dietrich', '+1.262.486.6028', '235 Sister Lakes\nSouth Donny, ND 64873', NULL, 'kling.brendon@example.net', '$2y$12$1a3SXfYjmUUKb5zjyKH8wuAMSQuvQ3F2wCsHNmTMwwdpYkSe2QlAe', 2),
	(28, 'Felicia Ortiz', 'Aufderhar', '+1-703-444-7707', '617 Schuppe Valley\nMarksberg, RI 49105-0467', NULL, 'maddison.harvey@example.com', '$2y$12$1a3SXfYjmUUKb5zjyKH8wuAMSQuvQ3F2wCsHNmTMwwdpYkSe2QlAe', 3),
	(29, 'Mr. Abdiel Cormier DDS', 'Runolfsson', '+1-678-337-1492', '63944 Lubowitz Haven Apt. 098\nGloverhaven, IL 99319-8615', 'Cum ab atque tempora inventore.', 'rita.bahringer@example.net', '$2y$12$1a3SXfYjmUUKb5zjyKH8wuAMSQuvQ3F2wCsHNmTMwwdpYkSe2QlAe', 2),
	(30, 'Maddison O\'Keefe', 'Volkman', '1-415-855-7491', '1340 Hubert Port Apt. 052\nSouth Harold, TX 22163', 'Tenetur et et debitis.', 'xbatz@example.net', '$2y$12$1a3SXfYjmUUKb5zjyKH8wuAMSQuvQ3F2wCsHNmTMwwdpYkSe2QlAe', 3),
	(31, 'Evan Collier', 'Medhurst', '(458) 893-0818', '3634 Corkery Point\nJastshire, VT 38648-6837', 'Voluptatem et voluptate dolorum reprehenderit.', 'bernadette33@example.net', '$2y$12$1a3SXfYjmUUKb5zjyKH8wuAMSQuvQ3F2wCsHNmTMwwdpYkSe2QlAe', 2),
	(32, 'Kylee Barrows', 'Mayer', '716-246-0708', '12736 Streich Knoll Apt. 621\nStrosinstad, CO 41900-1281', 'Praesentium consequatur est est accusantium iste mollitia sed.', 'karley58@example.net', '$2y$12$1a3SXfYjmUUKb5zjyKH8wuAMSQuvQ3F2wCsHNmTMwwdpYkSe2QlAe', 3),
	(33, 'Dr. Cole Bartoletti Jr.', 'Casper', '706.384.2019', '4674 Feeney Unions\nSouth Mabelle, UT 75211', NULL, 'aisha17@example.org', '$2y$12$1a3SXfYjmUUKb5zjyKH8wuAMSQuvQ3F2wCsHNmTMwwdpYkSe2QlAe', 2),
	(34, 'Chad Huel', 'O\'Conner', '+1-828-786-8329', '972 Zane Villages Apt. 378\nMyronmouth, ND 86015', 'Autem autem natus ducimus cumque ducimus distinctio aliquam.', 'mrohan@example.com', '$2y$12$1a3SXfYjmUUKb5zjyKH8wuAMSQuvQ3F2wCsHNmTMwwdpYkSe2QlAe', 3),
	(35, 'Mr. Andres Ortiz Sr.', 'Haag', '+1-743-455-7959', '39636 Katrine Pines\nMaybellville, MO 24826-3071', NULL, 'cleta.emmerich@example.com', '$2y$12$1a3SXfYjmUUKb5zjyKH8wuAMSQuvQ3F2wCsHNmTMwwdpYkSe2QlAe', 2),
	(36, 'Mr. Dallas Stanton', 'Strosin', '+1.314.684.7400', '8169 Watson Plain Apt. 188\nLake Alanischester, IA 78816', 'Dolores quasi est tempora et id eos eos voluptatem.', 'keffertz@example.com', '$2y$12$1a3SXfYjmUUKb5zjyKH8wuAMSQuvQ3F2wCsHNmTMwwdpYkSe2QlAe', 3),
	(37, 'Miss Hettie Lesch', 'Leffler', '(217) 504-4039', '367 Braxton Vista Apt. 835\nLake Lucienne, WI 00942-8584', NULL, 'alexis.keebler@example.org', '$2y$12$1a3SXfYjmUUKb5zjyKH8wuAMSQuvQ3F2wCsHNmTMwwdpYkSe2QlAe', 2),
	(38, 'Pietro Medhurst', 'Jast', '385.501.9054', '3441 Lillie Prairie Suite 223\nKemmerport, GA 84674-9624', NULL, 'gulgowski.pamela@example.com', '$2y$12$1a3SXfYjmUUKb5zjyKH8wuAMSQuvQ3F2wCsHNmTMwwdpYkSe2QlAe', 3),
	(39, 'Adah Fritsch', 'Farrell', '307.238.8412', '72242 O\'Reilly Overpass\nLake Leonardo, ND 92802-5810', 'Officia eaque non totam nobis necessitatibus consequatur voluptatem.', 'mvandervort@example.com', '$2y$12$1a3SXfYjmUUKb5zjyKH8wuAMSQuvQ3F2wCsHNmTMwwdpYkSe2QlAe', 2),
	(40, 'Mrs. Helene Hackett', 'Gulgowski', '+1.864.283.7699', '78912 Keshaun Villages\nJadeview, UT 86224-1148', NULL, 'dorian.stehr@example.net', '$2y$12$1a3SXfYjmUUKb5zjyKH8wuAMSQuvQ3F2wCsHNmTMwwdpYkSe2QlAe', 3),
	(41, 'Doyle Wilkinson PhD', 'Mraz', '1-520-532-9156', '59647 Heathcote Lodge\nGottliebmouth, OR 99084-3627', 'Labore autem officia dicta perspiciatis tempore ut et.', 'kenyatta98@example.org', '$2y$12$1a3SXfYjmUUKb5zjyKH8wuAMSQuvQ3F2wCsHNmTMwwdpYkSe2QlAe', 2),
	(42, 'Nicola Franecki', 'Kilback', '+1 (920) 693-8826', '617 Howe Port\nEast Coraland, TN 21596-2861', 'Odit et voluptatem eos quisquam aut deserunt.', 'harvey.pink@example.net', '$2y$12$1a3SXfYjmUUKb5zjyKH8wuAMSQuvQ3F2wCsHNmTMwwdpYkSe2QlAe', 3),
	(43, 'Deanna Beier', 'Harvey', '678-249-7416', '16202 Emmanuelle Point Apt. 807\nHeaneyside, WY 87947-1390', 'Eos eligendi velit aut aut.', 'connelly.eloise@example.net', '$2y$12$1a3SXfYjmUUKb5zjyKH8wuAMSQuvQ3F2wCsHNmTMwwdpYkSe2QlAe', 2),
	(44, 'Dr. Stanley O\'Kon V', 'Bergnaum', '+18149848704', '991 Padberg Streets Suite 132\nConstantinville, KY 01054', NULL, 'turcotte.elisha@example.net', '$2y$12$1a3SXfYjmUUKb5zjyKH8wuAMSQuvQ3F2wCsHNmTMwwdpYkSe2QlAe', 3),
	(45, 'Mr. Domenico Balistreri', 'Smitham', '845.372.5879', '130 Jimmy Wall\nMeredithton, NH 65966-2528', NULL, 'jasmin.corwin@example.com', '$2y$12$1a3SXfYjmUUKb5zjyKH8wuAMSQuvQ3F2wCsHNmTMwwdpYkSe2QlAe', 2),
	(46, 'Mr. Silas King II', 'King', '+1 (517) 325-9523', '1823 Veum Stream Apt. 296\nNew Makenna, NM 08508-9653', NULL, 'lind.armando@example.org', '$2y$12$1a3SXfYjmUUKb5zjyKH8wuAMSQuvQ3F2wCsHNmTMwwdpYkSe2QlAe', 3),
	(47, 'Rashawn Kub II', 'Gleason', '+1.858.369.1057', '4637 Tracey Forge\nEast Demarcushaven, FL 04404-0763', NULL, 'francesco18@example.net', '$2y$12$1a3SXfYjmUUKb5zjyKH8wuAMSQuvQ3F2wCsHNmTMwwdpYkSe2QlAe', 2),
	(48, 'Mrs. Olga Little V', 'VonRueden', '+16402860959', '2845 Edwina Plains Apt. 652\nLake Akeem, MT 18554', NULL, 'rodrigo56@example.com', '$2y$12$1a3SXfYjmUUKb5zjyKH8wuAMSQuvQ3F2wCsHNmTMwwdpYkSe2QlAe', 3),
	(49, 'Flossie Lowe', 'Rosenbaum', '(984) 860-2190', '99181 Mann Rest Apt. 860\nGottliebport, PA 47830', 'Et rem qui ipsa eum consectetur autem cumque.', 'imueller@example.net', '$2y$12$1a3SXfYjmUUKb5zjyKH8wuAMSQuvQ3F2wCsHNmTMwwdpYkSe2QlAe', 2),
	(50, 'Dillon Weimann MD', 'Reynolds', '1-202-688-9555', '265 Kelley Ridges Suite 631\nPort Marianneland, WA 91188', 'Omnis ipsam in at quam.', 'beatrice40@example.com', '$2y$12$1a3SXfYjmUUKb5zjyKH8wuAMSQuvQ3F2wCsHNmTMwwdpYkSe2QlAe', 3),
	(51, 'Sandra Conn', 'Schaefer', '551.322.6515', '79128 O\'Kon Walk\nDewittfurt, RI 43294', 'Reprehenderit aliquam assumenda quis culpa quae commodi sed.', 'magnus78@example.org', '$2y$12$1a3SXfYjmUUKb5zjyKH8wuAMSQuvQ3F2wCsHNmTMwwdpYkSe2QlAe', 2),
	(52, 'Vella Graham', 'Metz', '(651) 783-3895', '28116 Kling Courts\nHaagton, WI 19411', 'Laborum hic laudantium aut saepe.', 'noemie80@example.net', '$2y$12$1a3SXfYjmUUKb5zjyKH8wuAMSQuvQ3F2wCsHNmTMwwdpYkSe2QlAe', 3),
	(53, 'Joyce Fadel', 'Shields', '+1-252-720-8316', '516 Octavia Skyway Suite 988\nNorth Michaelberg, MN 41763', NULL, 'hauck.dameon@example.com', '$2y$12$1a3SXfYjmUUKb5zjyKH8wuAMSQuvQ3F2wCsHNmTMwwdpYkSe2QlAe', 2),
	(54, 'Joany Kerluke Jr.', 'Powlowski', '1-650-522-0345', '48293 Gleichner Spurs Suite 189\nBartelltown, CO 99769-4869', NULL, 'einar27@example.org', '$2y$12$1a3SXfYjmUUKb5zjyKH8wuAMSQuvQ3F2wCsHNmTMwwdpYkSe2QlAe', 3),
	(55, 'Heath Mosciski', 'Considine', '541.783.1965', '623 Hartmann Loop\nLuisashire, NV 12296-1892', 'Omnis soluta vitae deserunt ipsa voluptatum similique impedit.', 'cartwright.ethel@example.org', '$2y$12$1a3SXfYjmUUKb5zjyKH8wuAMSQuvQ3F2wCsHNmTMwwdpYkSe2QlAe', 2),
	(56, 'Katlynn O\'Connell', 'Braun', '(760) 321-7029', '2369 Osvaldo Drive\nWest Norwoodview, NV 07794', NULL, 'ziemann.roger@example.com', '$2y$12$1a3SXfYjmUUKb5zjyKH8wuAMSQuvQ3F2wCsHNmTMwwdpYkSe2QlAe', 3),
	(57, 'Dr. Ila Powlowski MD', 'Bartell', '+1-978-953-8572', '47298 Williamson Junction Apt. 079\nSchaeferside, IL 61627', 'Soluta rem corrupti sint quos.', 'brandon79@example.org', '$2y$12$1a3SXfYjmUUKb5zjyKH8wuAMSQuvQ3F2wCsHNmTMwwdpYkSe2QlAe', 2),
	(58, 'Eugene Nitzsche', 'Adams', '1-804-825-4760', '83691 Schmitt Court\nBartonburgh, DC 31846', 'In et autem eum omnis modi.', 'icassin@example.org', '$2y$12$1a3SXfYjmUUKb5zjyKH8wuAMSQuvQ3F2wCsHNmTMwwdpYkSe2QlAe', 3),
	(59, 'Prof. Armani Gleichner MD', 'Dickinson', '+1 (740) 595-7176', '4940 Dave Tunnel Apt. 767\nEffertzborough, NE 89024-5826', NULL, 'smith.graciela@example.com', '$2y$12$1a3SXfYjmUUKb5zjyKH8wuAMSQuvQ3F2wCsHNmTMwwdpYkSe2QlAe', 2),
	(60, 'Emiliano Collier', 'Feest', '1-401-608-7872', '51793 Cara Centers\nNorth Kaelamouth, AR 56223', 'Animi sed et reprehenderit et placeat.', 'ezekiel.keebler@example.net', '$2y$12$1a3SXfYjmUUKb5zjyKH8wuAMSQuvQ3F2wCsHNmTMwwdpYkSe2QlAe', 3),
	(61, 'Jillian Mayer III', 'Leffler', '+15637382287', '82217 Norberto Avenue Suite 976\nAlexaneborough, MI 75993-7350', NULL, 'creola.haag@example.org', '$2y$12$1a3SXfYjmUUKb5zjyKH8wuAMSQuvQ3F2wCsHNmTMwwdpYkSe2QlAe', 2),
	(62, 'Rhea Metz', 'Feil', '940.342.2034', '433 Marcelo Via\nPort Collinhaven, NV 93694-1397', 'Aut dicta veniam ab ut sed omnis.', 'gerlach.mortimer@example.com', '$2y$12$1a3SXfYjmUUKb5zjyKH8wuAMSQuvQ3F2wCsHNmTMwwdpYkSe2QlAe', 3),
	(63, 'Clemens Balistreri', 'Purdy', '+1 (806) 447-9816', '34187 Gottlieb Rapid\nWest Herminiamouth, TX 37329-1707', 'Quae quia laboriosam et a qui vero.', 'murphy.aufderhar@example.com', '$2y$12$1a3SXfYjmUUKb5zjyKH8wuAMSQuvQ3F2wCsHNmTMwwdpYkSe2QlAe', 2),
	(64, 'Arnoldo Harber', 'Krajcik', '541.739.7615', '8977 Howell Gardens Apt. 525\nOndrickabury, LA 51995-0381', 'Esse ducimus corporis eius omnis est dolorum.', 'damien04@example.com', '$2y$12$1a3SXfYjmUUKb5zjyKH8wuAMSQuvQ3F2wCsHNmTMwwdpYkSe2QlAe', 3),
	(65, 'Lavon Reynolds', 'Pfannerstill', '(713) 784-4160', '794 Wehner Court\nBrandoton, SD 59707-5268', 'Ut aperiam error aperiam mollitia minima harum.', 'talia.fisher@example.net', '$2y$12$1a3SXfYjmUUKb5zjyKH8wuAMSQuvQ3F2wCsHNmTMwwdpYkSe2QlAe', 2),
	(66, 'Lourdes Becker', 'Monahan', '951-489-6254', '62097 Reid Tunnel\nNew Christianbury, KS 62754-1447', 'Et ex earum ullam minima nulla nostrum voluptatem.', 'harvey.pfannerstill@example.com', '$2y$12$1a3SXfYjmUUKb5zjyKH8wuAMSQuvQ3F2wCsHNmTMwwdpYkSe2QlAe', 3),
	(67, 'Prof. Ayla Veum II', 'Murphy', '1-424-756-3268', '19290 Dickens Spur Suite 329\nEast Maudefort, WV 12997', 'Corrupti aut est dolorum et.', 'francesca.gottlieb@example.net', '$2y$12$1a3SXfYjmUUKb5zjyKH8wuAMSQuvQ3F2wCsHNmTMwwdpYkSe2QlAe', 2),
	(68, 'Lawson Upton', 'Block', '(928) 678-5413', '77742 Harmony Creek Suite 969\nSydneefurt, OK 03662', 'Totam omnis harum accusamus distinctio non qui culpa.', 'epacocha@example.net', '$2y$12$1a3SXfYjmUUKb5zjyKH8wuAMSQuvQ3F2wCsHNmTMwwdpYkSe2QlAe', 3),
	(69, 'Prof. Rhiannon Harvey', 'Cole', '+1 (203) 575-5105', '2673 Mueller Harbor\nJarenview, AZ 12972', 'Numquam ex sapiente placeat qui.', 'hickle.jasen@example.org', '$2y$12$1a3SXfYjmUUKb5zjyKH8wuAMSQuvQ3F2wCsHNmTMwwdpYkSe2QlAe', 2),
	(70, 'Dolly Kuhic', 'Parisian', '(301) 903-5480', '5068 Myrtice Mews\nSouth Natalia, VT 41707-2230', NULL, 'harvey.carleton@example.net', '$2y$12$1a3SXfYjmUUKb5zjyKH8wuAMSQuvQ3F2wCsHNmTMwwdpYkSe2QlAe', 3),
	(71, 'Karl Rau', 'Doyle', '234-988-2617', '1280 Adams Squares Suite 219\nPort Koby, SD 29465-8004', 'Velit voluptate repellendus vel.', 'mokeefe@example.net', '$2y$12$1a3SXfYjmUUKb5zjyKH8wuAMSQuvQ3F2wCsHNmTMwwdpYkSe2QlAe', 2),
	(72, 'Bette Greenholt', 'Larkin', '425.817.1259', '221 Hillard Greens\nMargrethaven, NV 49553-5045', NULL, 'humberto75@example.net', '$2y$12$1a3SXfYjmUUKb5zjyKH8wuAMSQuvQ3F2wCsHNmTMwwdpYkSe2QlAe', 3),
	(73, 'Taryn Keebler', 'Dare', '(513) 614-6805', '26048 Tania Lane Suite 283\nNorth Miraclefurt, MD 49076', 'Et quo quibusdam non dignissimos neque sit optio.', 'emanuel.marks@example.net', '$2y$12$1a3SXfYjmUUKb5zjyKH8wuAMSQuvQ3F2wCsHNmTMwwdpYkSe2QlAe', 2),
	(74, 'Bernie Schimmel', 'Wehner', '207-928-4966', '5126 Zemlak Pines\nBodefort, IL 00474', 'Ut commodi atque laborum.', 'ckihn@example.com', '$2y$12$1a3SXfYjmUUKb5zjyKH8wuAMSQuvQ3F2wCsHNmTMwwdpYkSe2QlAe', 3),
	(75, 'Kailey Simonis', 'Hill', '+1-631-286-7476', '90471 Timothy Pines Apt. 103\nCorwinmouth, DC 90037-1763', NULL, 'della.carroll@example.net', '$2y$12$1a3SXfYjmUUKb5zjyKH8wuAMSQuvQ3F2wCsHNmTMwwdpYkSe2QlAe', 2),
	(76, 'Prof. Jamey Upton III', 'Dickens', '+1.248.600.2489', '3159 Dimitri Tunnel Apt. 292\nEribertoshire, WA 39367', 'Veniam ut quia voluptatem rerum dolores beatae.', 'legros.faye@example.com', '$2y$12$1a3SXfYjmUUKb5zjyKH8wuAMSQuvQ3F2wCsHNmTMwwdpYkSe2QlAe', 3),
	(77, 'Dr. Leta Berge DVM', 'Mohr', '(339) 834-6633', '8678 Conrad Cliffs Apt. 056\nJohannashire, MT 22551', NULL, 'kelsi36@example.com', '$2y$12$1a3SXfYjmUUKb5zjyKH8wuAMSQuvQ3F2wCsHNmTMwwdpYkSe2QlAe', 2),
	(78, 'Prof. Brigitte Adams III', 'Romaguera', '631-403-6789', '221 Abernathy Alley\nAlfredoview, IA 91406-7747', NULL, 'oreilly.reina@example.com', '$2y$12$1a3SXfYjmUUKb5zjyKH8wuAMSQuvQ3F2wCsHNmTMwwdpYkSe2QlAe', 3),
	(79, 'Alanis Mayert Sr.', 'Ankunding', '1-979-855-8329', '4142 Jayson Ville Suite 744\nEast Lilly, SC 86986-0371', 'Corrupti sapiente quis animi pariatur quo aliquid.', 'rolfson.ashlee@example.org', '$2y$12$1a3SXfYjmUUKb5zjyKH8wuAMSQuvQ3F2wCsHNmTMwwdpYkSe2QlAe', 2),
	(80, 'Miss Carmen Heaney V', 'Carroll', '+1.689.214.5366', '14485 Huels Meadow\nPort Brycen, KY 59664-4289', NULL, 'ghill@example.com', '$2y$12$1a3SXfYjmUUKb5zjyKH8wuAMSQuvQ3F2wCsHNmTMwwdpYkSe2QlAe', 3),
	(81, 'Jayme Jacobs', 'Berge', '516-992-2461', '112 Trantow Street\nEast Alexandra, PA 03443', NULL, 'xwelch@example.net', '$2y$12$1a3SXfYjmUUKb5zjyKH8wuAMSQuvQ3F2wCsHNmTMwwdpYkSe2QlAe', 2),
	(82, 'Prof. Roy Boehm Jr.', 'Hoppe', '(956) 770-8134', '31273 Bradtke Fort Suite 805\nLake Verdiebury, NJ 19389', 'Aut voluptatem reprehenderit illo voluptatem officiis animi.', 'melyssa.haag@example.org', '$2y$12$1a3SXfYjmUUKb5zjyKH8wuAMSQuvQ3F2wCsHNmTMwwdpYkSe2QlAe', 3),
	(83, 'Prof. Kaycee Frami', 'Dickens', '1-727-351-8921', '86074 Kling Ports Suite 305\nBergeberg, KY 19322-2925', 'Animi nihil voluptatem ut consequatur libero et.', 'ifahey@example.org', '$2y$12$1a3SXfYjmUUKb5zjyKH8wuAMSQuvQ3F2wCsHNmTMwwdpYkSe2QlAe', 2),
	(84, 'Enola Schoen', 'Spinka', '1-331-423-8248', '825 Lurline Viaduct Suite 976\nWizamouth, AK 77293-8703', 'At aut et consequatur eum quia sunt.', 'becker.chasity@example.org', '$2y$12$1a3SXfYjmUUKb5zjyKH8wuAMSQuvQ3F2wCsHNmTMwwdpYkSe2QlAe', 3),
	(85, 'Demond Strosin Jr.', 'Prosacco', '1-954-205-0069', '237 Christiansen Terrace\nSpinkastad, MN 73638', 'Ullam veniam eos sint tempora dolorum sunt reiciendis.', 'langosh.violette@example.org', '$2y$12$1a3SXfYjmUUKb5zjyKH8wuAMSQuvQ3F2wCsHNmTMwwdpYkSe2QlAe', 2),
	(86, 'Gregory Oberbrunner', 'Wolf', '283-262-2328', '413 Treva Heights Suite 396\nNorth Adalbertomouth, OH 74380-1964', 'Facilis cupiditate et itaque.', 'willow82@example.org', '$2y$12$1a3SXfYjmUUKb5zjyKH8wuAMSQuvQ3F2wCsHNmTMwwdpYkSe2QlAe', 3),
	(87, 'Frank Watsica', 'Von', '1-814-531-4355', '2438 Considine Point Suite 234\nWest Kipburgh, MD 23134-0657', NULL, 'delaney54@example.com', '$2y$12$1a3SXfYjmUUKb5zjyKH8wuAMSQuvQ3F2wCsHNmTMwwdpYkSe2QlAe', 2),
	(88, 'Alyce Romaguera', 'Pollich', '707-812-4087', '189 Aiden Key Suite 956\nPort Bell, WI 10728', NULL, 'elza79@example.net', '$2y$12$1a3SXfYjmUUKb5zjyKH8wuAMSQuvQ3F2wCsHNmTMwwdpYkSe2QlAe', 3),
	(89, 'Mrs. Casandra Hammes PhD', 'Prohaska', '718.804.8536', '63948 Prohaska Trail\nTiffanyborough, MD 67655', 'Iusto numquam quia occaecati dolor.', 'mertie84@example.com', '$2y$12$1a3SXfYjmUUKb5zjyKH8wuAMSQuvQ3F2wCsHNmTMwwdpYkSe2QlAe', 2),
	(90, 'Hosea Koch', 'Bradtke', '+1.763.510.6912', '749 Bartell Meadows\nNew Marilouborough, NM 97940', NULL, 'koss.concepcion@example.net', '$2y$12$1a3SXfYjmUUKb5zjyKH8wuAMSQuvQ3F2wCsHNmTMwwdpYkSe2QlAe', 3),
	(91, 'Rodolfo Boyle', 'Pollich', '+1-769-574-8060', '34194 Tiana Villages Apt. 384\nSouth Ernestine, AK 86553-5104', 'Minus molestiae ea in nihil.', 'wilson71@example.com', '$2y$12$1a3SXfYjmUUKb5zjyKH8wuAMSQuvQ3F2wCsHNmTMwwdpYkSe2QlAe', 2),
	(92, 'Deshaun Renner V', 'McDermott', '563-483-4227', '6764 Dicki Walks\nEast Meaghanland, GA 68610-4992', NULL, 'ortiz.camylle@example.net', '$2y$12$1a3SXfYjmUUKb5zjyKH8wuAMSQuvQ3F2wCsHNmTMwwdpYkSe2QlAe', 3),
	(93, 'Xavier Turner III', 'Windler', '1-973-615-8145', '885 Agustina Island\nNolanton, VT 72496-7049', 'Et quis consectetur assumenda corrupti et rerum.', 'elvie.bernier@example.net', '$2y$12$1a3SXfYjmUUKb5zjyKH8wuAMSQuvQ3F2wCsHNmTMwwdpYkSe2QlAe', 2),
	(94, 'Darion Stiedemann', 'Becker', '681.949.1953', '541 Schmitt Passage\nHendersonfort, GA 32005', NULL, 'witting.kennedy@example.net', '$2y$12$1a3SXfYjmUUKb5zjyKH8wuAMSQuvQ3F2wCsHNmTMwwdpYkSe2QlAe', 3),
	(95, 'Zora Bruen', 'Johns', '947.316.8059', '912 Kovacek Islands Suite 598\nNorth Dianaberg, NH 34055-6895', NULL, 'cletus.dubuque@example.com', '$2y$12$1a3SXfYjmUUKb5zjyKH8wuAMSQuvQ3F2wCsHNmTMwwdpYkSe2QlAe', 2),
	(96, 'Dr. Frederik O\'Hara IV', 'Kemmer', '(928) 340-5089', '1566 Herman Club Apt. 191\nWest Raulland, NH 24975', NULL, 'alexanne16@example.net', '$2y$12$1a3SXfYjmUUKb5zjyKH8wuAMSQuvQ3F2wCsHNmTMwwdpYkSe2QlAe', 3),
	(97, 'Eli Carroll', 'Stamm', '504-850-7411', '6575 O\'Conner Dale Apt. 809\nInesport, UT 16481', 'Eum qui ipsum sed voluptatum.', 'msmitham@example.com', '$2y$12$1a3SXfYjmUUKb5zjyKH8wuAMSQuvQ3F2wCsHNmTMwwdpYkSe2QlAe', 2),
	(98, 'Kenyatta Barton', 'Schmidt', '+1-406-450-5537', '67626 Rath Neck\nSouth Jake, AL 16696', NULL, 'parker.marcos@example.com', '$2y$12$1a3SXfYjmUUKb5zjyKH8wuAMSQuvQ3F2wCsHNmTMwwdpYkSe2QlAe', 3),
	(99, 'Sim Altenwerth II', 'Yost', '1-509-613-6196', '14325 Schuppe Spring\nSouth June, IA 20461-3109', NULL, 'sister70@example.org', '$2y$12$1a3SXfYjmUUKb5zjyKH8wuAMSQuvQ3F2wCsHNmTMwwdpYkSe2QlAe', 2),
	(100, 'Mr. Marlin Kris MD', 'Bernhard', '305-491-1293', '96936 Toby Meadow Apt. 946\nKilbackberg, AZ 74737-8496', 'Dignissimos odio et qui quasi ipsam est voluptatem.', 'dane37@example.com', '$2y$12$1a3SXfYjmUUKb5zjyKH8wuAMSQuvQ3F2wCsHNmTMwwdpYkSe2QlAe', 3),
	(101, 'Miss Brooke Johnson', 'Ritchie', '(270) 531-2084', '162 Vivien Center Suite 767\nWest Rosarioshire, NH 46090', 'Explicabo vero eum non eligendi sit ipsam adipisci dolorem.', 'tromp.rico@example.com', '$2y$12$1a3SXfYjmUUKb5zjyKH8wuAMSQuvQ3F2wCsHNmTMwwdpYkSe2QlAe', 2);

/*!40103 SET TIME_ZONE=IFNULL(@OLD_TIME_ZONE, 'system') */;
/*!40101 SET SQL_MODE=IFNULL(@OLD_SQL_MODE, '') */;
/*!40014 SET FOREIGN_KEY_CHECKS=IFNULL(@OLD_FOREIGN_KEY_CHECKS, 1) */;
/*!40101 SET CHARACTER_SET_CLIENT=@OLD_CHARACTER_SET_CLIENT */;
/*!40111 SET SQL_NOTES=IFNULL(@OLD_SQL_NOTES, 1) */;
